<?xml version="1.0" encoding="windows-1252" ?>
<!DOCTYPE struts-config PUBLIC "-//Apache Software Foundation//DTD Struts Configuration 1.1//EN" "http://jakarta.apache.org/struts/dtds/struts-config_1_1.dtd">
<struts-config>
 
  <action-mappings>
    <action path="/okowitz12" type="okowitz12.okowitz12Action">
        <forward name="duporder" path="/duporder.jsp"/>
        <forward name="emptyfield" path="/emptyfield.jsp"/>
        <forward name="nocustomer" path="/nocustomer.jsp"/>
        <forward name="success" path="/okowitz12success.jsp"/>
    </action>
  </action-mappings>
</struts-config>
